hypothesis_id,test_type,metric,group_a_n,group_b_n,group_a_mean,group_b_mean,welch_t_pvalue,mann_whitney_pvalue,season_means
H1,Rainy vs non-rainy,avg_ole,113.0,248.0,0.6977651458195759,0.6848511237088253,0.5592274010633751,0.6372967026193291,
H2,Rainy vs non-rainy,failure_rate,111.0,240.0,0.017323523836552605,0.01854767162689891,0.46979352234366767,0.7423629343873138,
H3,Overcast vs clearer days,avg_ole,99.0,262.0,0.730076717934743,0.6733318514574854,0.006504276632310586,0.03936545603176276,
H4,Overcast vs clearer days,downtime_per_hour,99.0,262.0,5.255410456696864,9.423520747239156,0.05614191960149204,0.7611703923677549,
Seasonal-avg_ole,Seasonal differences,avg_ole,,,,,0.007170304488075904,0.0027435079288643483,"{'Winter': 0.7209928099193831, 'Spring': 0.733990346782324, 'Summer': 0.6585237826143747, 'Autumn': 0.6513273828571805}"
Seasonal-failure_rate,Seasonal differences,failure_rate,,,,,0.010293024900235651,0.033355083727084095,"{'Winter': 0.020922357303908103, 'Spring': 0.01626452438139496, 'Summer': 0.013404754200724648, 'Autumn': 0.01954023150341256}"
Seasonal-downtime_per_hour,Seasonal differences,downtime_per_hour,,,,,0.11190891958526256,0.23095138487516528,"{'Winter': 5.0697441665734475, 'Spring': 4.052640720996709, 'Summer': 9.657024130247633, 'Autumn': 12.857712350171449}"
